CodigoEstacion,CodigoSensor,FechaObservacion,ValorObservado,NombreEstacion,Departamento,Municipio,ZonaHidrografica,Latitud,Longitud,DescripcionSensor,UnidadMedida
0027015330,0068,01/21/2020 09:00:00 AM,22.9,APTO OLAYA HERRERA - TX GPRS,ANTIOQUIA,MEDELLÍN,NECHÍ,6.221,-75.589,Temp Aire 2 m,°C
0027015330,0068,07/01/2019 08:00:00 PM,20.1,APTO OLAYA HERRERA - TX GPRS,ANTIOQUIA,MEDELLÍN,NECHÍ,6.221,-75.589,Temp Aire 2 m,°C
0027015330,0068,07/01/2019 04:00:00 PM,26.5,APTO OLAYA HERRERA - TX GPRS,ANTIOQUIA,MEDELLÍN,NECHÍ,6.221,-75.589,Temp Aire 2 m,°C
0027015330,0068,07/01/2019 02:00:00 AM,19.3,APTO OLAYA HERRERA - TX GPRS,ANTIOQUIA,MEDELLÍN,NECHÍ,6.221,-75.589,Temp Aire 2 m,°C
0027015330,0068,07/01/2019 06:00:00 AM,18.7,APTO OLAYA HERRERA - TX GPRS,ANTIOQUIA,MEDELLÍN,NECHÍ,6.221,-75.589,Temp Aire 2 m,°C
0027015330,0068,01/21/2020 07:00:00 PM,18.8,APTO OLAYA HERRERA - TX GPRS,ANTIOQUIA,MEDELLÍN,NECHÍ,6.221,-75.589,Temp Aire 2 m,°C
0027015330,0068,07/01/2019 03:00:00 AM,19.2,APTO OLAYA HERRERA - TX GPRS,ANTIOQUIA,MEDELLÍN,NECHÍ,6.221,-75.589,Temp Aire 2 m,°C
0027015330,0068,01/21/2020 08:00:00 AM,21.1,APTO OLAYA HERRERA - TX GPRS,ANTIOQUIA,MEDELLÍN,NECHÍ,6.221,-75.589,Temp Aire 2 m,°C
0027015330,0068,07/01/2019 09:00:00 AM,21.8,APTO OLAYA HERRERA - TX GPRS,ANTIOQUIA,MEDELLÍN,NECHÍ,6.221,-75.589,Temp Aire 2 m,°C
0027015330,0068,07/01/2019 02:00:00 PM,28,APTO OLAYA HERRERA - TX GPRS,ANTIOQUIA,MEDELLÍN,NECHÍ,6.221,-75.589,Temp Aire 2 m,°C
0027015330,0068,01/21/2020 09:00:00 PM,19,APTO OLAYA HERRERA - TX GPRS,ANTIOQUIA,MEDELLÍN,NECHÍ,6.221,-75.589,Temp Aire 2 m,°C
0027015330,0068,01/21/2020 06:00:00 PM,18.5,APTO OLAYA HERRERA - TX GPRS,ANTIOQUIA,MEDELLÍN,NECHÍ,6.221,-75.589,Temp Aire 2 m,°C
0027015330,0068,01/21/2020 11:00:00 AM,27.1,APTO OLAYA HERRERA - TX GPRS,ANTIOQUIA,MEDELLÍN,NECHÍ,6.221,-75.589,Temp Aire 2 m,°C
0027015330,0068,01/21/2020 06:00:00 AM,18.8,APTO OLAYA HERRERA - TX GPRS,ANTIOQUIA,MEDELLÍN,NECHÍ,6.221,-75.589,Temp Aire 2 m,°C
0027015330,0068,07/01/2019 11:00:00 PM,19.3,APTO OLAYA HERRERA - TX GPRS,ANTIOQUIA,MEDELLÍN,NECHÍ,6.221,-75.589,Temp Aire 2 m,°C
0027015330,0068,07/01/2019 08:00:00 AM,20,APTO OLAYA HERRERA - TX GPRS,ANTIOQUIA,MEDELLÍN,NECHÍ,6.221,-75.589,Temp Aire 2 m,°C
0027015330,0068,07/01/2019 05:00:00 PM,27.7,APTO OLAYA HERRERA - TX GPRS,ANTIOQUIA,MEDELLÍN,NECHÍ,6.221,-75.589,Temp Aire 2 m,°C
0027015330,0068,01/21/2020 02:00:00 PM,30.5,APTO OLAYA HERRERA - TX GPRS,ANTIOQUIA,MEDELLÍN,NECHÍ,6.221,-75.589,Temp Aire 2 m,°C
0027015330,0068,01/21/2020 04:00:00 PM,18,APTO OLAYA HERRERA - TX GPRS,ANTIOQUIA,MEDELLÍN,NECHÍ,6.221,-75.589,Temp Aire 2 m,°C
0027015330,0068,01/21/2020 12:00:00 PM,28.4,APTO OLAYA HERRERA - TX GPRS,ANTIOQUIA,MEDELLÍN,NECHÍ,6.221,-75.589,Temp Aire 2 m,°C
0027015330,0068,01/21/2020 11:00:00 PM,18,APTO OLAYA HERRERA - TX GPRS,ANTIOQUIA,MEDELLÍN,NECHÍ,6.221,-75.589,Temp Aire 2 m,°C
0027015330,0068,07/01/2019 10:00:00 AM,25.4,APTO OLAYA HERRERA - TX GPRS,ANTIOQUIA,MEDELLÍN,NECHÍ,6.221,-75.589,Temp Aire 2 m,°C
0027015330,0068,07/01/2019 01:00:00 AM,19.9,APTO OLAYA HERRERA - TX GPRS,ANTIOQUIA,MEDELLÍN,NECHÍ,6.221,-75.589,Temp Aire 2 m,°C
0027015330,0068,01/21/2020 03:00:00 PM,27.1,APTO OLAYA HERRERA - TX GPRS,ANTIOQUIA,MEDELLÍN,NECHÍ,6.221,-75.589,Temp Aire 2 m,°C
0027015330,0068,07/01/2019 07:00:00 AM,19,APTO OLAYA HERRERA - TX GPRS,ANTIOQUIA,MEDELLÍN,NECHÍ,6.221,-75.589,Temp Aire 2 m,°C
0027015330,0068,01/21/2020 10:00:00 AM,24.4,APTO OLAYA HERRERA - TX GPRS,ANTIOQUIA,MEDELLÍN,NECHÍ,6.221,-75.589,Temp Aire 2 m,°C
0027015330,0068,01/21/2020 05:00:00 PM,17.9,APTO OLAYA HERRERA - TX GPRS,ANTIOQUIA,MEDELLÍN,NECHÍ,6.221,-75.589,Temp Aire 2 m,°C
0027015330,0068,01/21/2020 01:00:00 PM,29.9,APTO OLAYA HERRERA - TX GPRS,ANTIOQUIA,MEDELLÍN,NECHÍ,6.221,-75.589,Temp Aire 2 m,°C
0027015330,0068,07/01/2019 10:00:00 PM,19.8,APTO OLAYA HERRERA - TX GPRS,ANTIOQUIA,MEDELLÍN,NECHÍ,6.221,-75.589,Temp Aire 2 m,°C
0027015330,0068,01/21/2020 10:00:00 PM,19,APTO OLAYA HERRERA - TX GPRS,ANTIOQUIA,MEDELLÍN,NECHÍ,6.221,-75.589,Temp Aire 2 m,°C
0027015330,0068,07/01/2019 11:00:00 AM,25.6,APTO OLAYA HERRERA - TX GPRS,ANTIOQUIA,MEDELLÍN,NECHÍ,6.221,-75.589,Temp Aire 2 m,°C
0027015330,0068,07/01/2019 04:00:00 AM,18.9,APTO OLAYA HERRERA - TX GPRS,ANTIOQUIA,MEDELLÍN,NECHÍ,6.221,-75.589,Temp Aire 2 m,°C
0027015330,0068,01/21/2020 07:00:00 AM,18.8,APTO OLAYA HERRERA - TX GPRS,ANTIOQUIA,MEDELLÍN,NECHÍ,6.221,-75.589,Temp Aire 2 m,°C
0027015330,0068,07/01/2019 12:00:00 AM,19.8,APTO OLAYA HERRERA - TX GPRS,ANTIOQUIA,MEDELLÍN,NECHÍ,6.221,-75.589,Temp Aire 2 m,°C
0027015330,0068,01/21/2020 08:00:00 PM,18.8,APTO OLAYA HERRERA - TX GPRS,ANTIOQUIA,MEDELLÍN,NECHÍ,6.221,-75.589,Temp Aire 2 m,°C
0027015330,0068,01/22/2020 11:00:00 PM,18.2,APTO OLAYA HERRERA - TX GPRS,ANTIOQUIA,MEDELLÍN,NECHÍ,6.221,-75.589,Temp Aire 2 m,°C
0027015330,0068,01/22/2020 01:00:00 PM,22.1,APTO OLAYA HERRERA - TX GPRS,ANTIOQUIA,MEDELLÍN,NECHÍ,6.221,-75.589,Temp Aire 2 m,°C
0027015330,0068,01/22/2020 04:00:00 PM,21.7,APTO OLAYA HERRERA - TX GPRS,ANTIOQUIA,MEDELLÍN,NECHÍ,6.221,-75.589,Temp Aire 2 m,°C
0027015330,0068,07/01/2019 03:00:00 PM,27.8,APTO OLAYA HERRERA - TX GPRS,ANTIOQUIA,MEDELLÍN,NECHÍ,6.221,-75.589,Temp Aire 2 m,°C
0027015330,0068,01/22/2020 07:00:00 AM,17.6,APTO OLAYA HERRERA - TX GPRS,ANTIOQUIA,MEDELLÍN,NECHÍ,6.221,-75.589,Temp Aire 2 m,°C
0027015330,0068,07/01/2019 05:00:00 AM,19.1,APTO OLAYA HERRERA - TX GPRS,ANTIOQUIA,MEDELLÍN,NECHÍ,6.221,-75.589,Temp Aire 2 m,°C
0027015330,0068,07/01/2019 12:00:00 PM,27.5,APTO OLAYA HERRERA - TX GPRS,ANTIOQUIA,MEDELLÍN,NECHÍ,6.221,-75.589,Temp Aire 2 m,°C
0027015330,0068,01/22/2020 04:00:00 AM,17.5,APTO OLAYA HERRERA - TX GPRS,ANTIOQUIA,MEDELLÍN,NECHÍ,6.221,-75.589,Temp Aire 2 m,°C
0027015330,0068,07/01/2019 09:00:00 PM,19.9,APTO OLAYA HERRERA - TX GPRS,ANTIOQUIA,MEDELLÍN,NECHÍ,6.221,-75.589,Temp Aire 2 m,°C
0027015330,0068,01/22/2020 09:00:00 PM,18.2,APTO OLAYA HERRERA - TX GPRS,ANTIOQUIA,MEDELLÍN,NECHÍ,6.221,-75.589,Temp Aire 2 m,°C
0027015330,0068,01/22/2020 03:00:00 PM,21.6,APTO OLAYA HERRERA - TX GPRS,ANTIOQUIA,MEDELLÍN,NECHÍ,6.221,-75.589,Temp Aire 2 m,°C
0027015330,0068,07/01/2019 06:00:00 PM,21.6,APTO OLAYA HERRERA - TX GPRS,ANTIOQUIA,MEDELLÍN,NECHÍ,6.221,-75.589,Temp Aire 2 m,°C
0027015330,0068,07/01/2019 07:00:00 PM,20.9,APTO OLAYA HERRERA - TX GPRS,ANTIOQUIA,MEDELLÍN,NECHÍ,6.221,-75.589,Temp Aire 2 m,°C
0027015330,0068,01/22/2020 12:00:00 PM,21.7,APTO OLAYA HERRERA - TX GPRS,ANTIOQUIA,MEDELLÍN,NECHÍ,6.221,-75.589,Temp Aire 2 m,°C
0027015330,0068,01/22/2020 03:00:00 AM,17.7,APTO OLAYA HERRERA - TX GPRS,ANTIOQUIA,MEDELLÍN,NECHÍ,6.221,-75.589,Temp Aire 2 m,°C
0027015330,0068,07/01/2019 01:00:00 PM,28,APTO OLAYA HERRERA - TX GPRS,ANTIOQUIA,MEDELLÍN,NECHÍ,6.221,-75.589,Temp Aire 2 m,°C
0027015330,0068,12/29/2018 11:00:00 PM,20.3,APTO OLAYA HERRERA - TX GPRS,ANTIOQUIA,MEDELLÍN,NECHÍ,6.221,-75.589,Temp Aire 2 m,°C
0027015330,0068,01/26/2018 02:00:00 PM,24,APTO OLAYA HERRERA - TX GPRS,ANTIOQUIA,MEDELLÍN,NECHÍ,6.221,-75.589,Temp Aire 2 m,°C
0027015330,0068,08/07/2019 06:00:00 AM,18.4,APTO OLAYA HERRERA - TX GPRS,ANTIOQUIA,MEDELLÍN,NECHÍ,6.221,-75.589,Temp Aire 2 m,°C
0027015330,0068,03/07/2018 10:00:00 PM,22.7,APTO OLAYA HERRERA - TX GPRS,ANTIOQUIA,MEDELLÍN,NECHÍ,6.221,-75.589,Temp Aire 2 m,°C
0027015330,0068,01/15/2018 05:00:00 AM,17.3,APTO OLAYA HERRERA - TX GPRS,ANTIOQUIA,MEDELLÍN,NECHÍ,6.221,-75.589,Temp Aire 2 m,°C
0027015330,0068,02/10/2018 04:00:00 AM,19.2,APTO OLAYA HERRERA - TX GPRS,ANTIOQUIA,MEDELLÍN,NECHÍ,6.221,-75.589,Temp Aire 2 m,°C
0027015330,0068,06/25/2019 01:00:00 PM,26.7,APTO OLAYA HERRERA - TX GPRS,ANTIOQUIA,MEDELLÍN,NECHÍ,6.221,-75.589,Temp Aire 2 m,°C
0027015330,0068,12/05/2018 08:00:00 AM,19.4,APTO OLAYA HERRERA - TX GPRS,ANTIOQUIA,MEDELLÍN,NECHÍ,6.221,-75.589,Temp Aire 2 m,°C
0027015330,0068,05/15/2019 09:00:00 AM,22.4,APTO OLAYA HERRERA - TX GPRS,ANTIOQUIA,MEDELLÍN,NECHÍ,6.221,-75.589,Temp Aire 2 m,°C
0027015330,0068,01/03/2018 10:00:00 PM,18.8,APTO OLAYA HERRERA - TX GPRS,ANTIOQUIA,MEDELLÍN,NECHÍ,6.221,-75.589,Temp Aire 2 m,°C
0027015330,0068,02/18/2018 12:00:00 AM,20.9,APTO OLAYA HERRERA - TX GPRS,ANTIOQUIA,MEDELLÍN,NECHÍ,6.221,-75.589,Temp Aire 2 m,°C
0027015330,0068,06/13/2019 02:00:00 AM,20.4,APTO OLAYA HERRERA - TX GPRS,ANTIOQUIA,MEDELLÍN,NECHÍ,6.221,-75.589,Temp Aire 2 m,°C
0027015330,0068,04/09/2019 01:00:00 AM,20,APTO OLAYA HERRERA - TX GPRS,ANTIOQUIA,MEDELLÍN,NECHÍ,6.221,-75.589,Temp Aire 2 m,°C
0027015330,0068,03/01/2019 03:00:00 PM,27.9,APTO OLAYA HERRERA - TX GPRS,ANTIOQUIA,MEDELLÍN,NECHÍ,6.221,-75.589,Temp Aire 2 m,°C
0027015330,0068,04/05/2019 09:00:00 AM,21.3,APTO OLAYA HERRERA - TX GPRS,ANTIOQUIA,MEDELLÍN,NECHÍ,6.221,-75.589,Temp Aire 2 m,°C
0027015330,0068,01/01/2018 06:00:00 PM,17.7,APTO OLAYA HERRERA - TX GPRS,ANTIOQUIA,MEDELLÍN,NECHÍ,6.221,-75.589,Temp Aire 2 m,°C
0027015330,0068,04/15/2019 05:00:00 AM,18.7,APTO OLAYA HERRERA - TX GPRS,ANTIOQUIA,MEDELLÍN,NECHÍ,6.221,-75.589,Temp Aire 2 m,°C
0027015330,0068,01/07/2018 10:00:00 PM,20.1,APTO OLAYA HERRERA - TX GPRS,ANTIOQUIA,MEDELLÍN,NECHÍ,6.221,-75.589,Temp Aire 2 m,°C
0027015330,0068,02/02/2018 05:00:00 AM,20.4,APTO OLAYA HERRERA - TX GPRS,ANTIOQUIA,MEDELLÍN,NECHÍ,6.221,-75.589,Temp Aire 2 m,°C
0027015330,0068,12/10/2018 09:00:00 AM,22.8,APTO OLAYA HERRERA - TX GPRS,ANTIOQUIA,MEDELLÍN,NECHÍ,6.221,-75.589,Temp Aire 2 m,°C
0027015330,0068,12/02/2018 09:00:00 PM,20.4,APTO OLAYA HERRERA - TX GPRS,ANTIOQUIA,MEDELLÍN,NECHÍ,6.221,-75.589,Temp Aire 2 m,°C
0027015330,0068,07/11/2018 04:00:00 PM,28.8,APTO OLAYA HERRERA - TX GPRS,ANTIOQUIA,MEDELLÍN,NECHÍ,6.221,-75.589,Temp Aire 2 m,°C
0027015330,0068,04/08/2018 02:00:00 AM,18.5,APTO OLAYA HERRERA - TX GPRS,ANTIOQUIA,MEDELLÍN,NECHÍ,6.221,-75.589,Temp Aire 2 m,°C
0027015330,0068,04/18/2019 06:00:00 AM,17.8,APTO OLAYA HERRERA - TX GPRS,ANTIOQUIA,MEDELLÍN,NECHÍ,6.221,-75.589,Temp Aire 2 m,°C
0027015330,0068,04/05/2019 02:00:00 PM,24.5,APTO OLAYA HERRERA - TX GPRS,ANTIOQUIA,MEDELLÍN,NECHÍ,6.221,-75.589,Temp Aire 2 m,°C
0027015330,0068,04/19/2019 04:00:00 PM,22,APTO OLAYA HERRERA - TX GPRS,ANTIOQUIA,MEDELLÍN,NECHÍ,6.221,-75.589,Temp Aire 2 m,°C
0027015330,0068,03/07/2018 03:00:00 PM,29.5,APTO OLAYA HERRERA - TX GPRS,ANTIOQUIA,MEDELLÍN,NECHÍ,6.221,-75.589,Temp Aire 2 m,°C
0027015330,0068,06/28/2018 03:00:00 PM,26.9,APTO OLAYA HERRERA - TX GPRS,ANTIOQUIA,MEDELLÍN,NECHÍ,6.221,-75.589,Temp Aire 2 m,°C
0027015330,0068,01/27/2018 03:00:00 AM,19.2,APTO OLAYA HERRERA - TX GPRS,ANTIOQUIA,MEDELLÍN,NECHÍ,6.221,-75.589,Temp Aire 2 m,°C
0027015330,0068,03/23/2018 03:00:00 PM,29,APTO OLAYA HERRERA - TX GPRS,ANTIOQUIA,MEDELLÍN,NECHÍ,6.221,-75.589,Temp Aire 2 m,°C
0027015330,0068,01/16/2018 03:00:00 AM,18.8,APTO OLAYA HERRERA - TX GPRS,ANTIOQUIA,MEDELLÍN,NECHÍ,6.221,-75.589,Temp Aire 2 m,°C
0027015330,0068,08/23/2018 10:00:00 PM,21.5,APTO OLAYA HERRERA - TX GPRS,ANTIOQUIA,MEDELLÍN,NECHÍ,6.221,-75.589,Temp Aire 2 m,°C
0027015330,0068,07/17/2018 04:00:00 PM,29.6,APTO OLAYA HERRERA - TX GPRS,ANTIOQUIA,MEDELLÍN,NECHÍ,6.221,-75.589,Temp Aire 2 m,°C
0027015330,0068,01/01/2018 11:00:00 AM,24.4,APTO OLAYA HERRERA - TX GPRS,ANTIOQUIA,MEDELLÍN,NECHÍ,6.221,-75.589,Temp Aire 2 m,°C
0027015330,0068,01/24/2019 12:00:00 PM,28.6,APTO OLAYA HERRERA - TX GPRS,ANTIOQUIA,MEDELLÍN,NECHÍ,6.221,-75.589,Temp Aire 2 m,°C
0027015330,0068,05/17/2019 06:00:00 AM,18.1,APTO OLAYA HERRERA - TX GPRS,ANTIOQUIA,MEDELLÍN,NECHÍ,6.221,-75.589,Temp Aire 2 m,°C
0027015330,0068,05/20/2019 04:00:00 AM,18.1,APTO OLAYA HERRERA - TX GPRS,ANTIOQUIA,MEDELLÍN,NECHÍ,6.221,-75.589,Temp Aire 2 m,°C
0027015330,0068,02/22/2018 02:00:00 PM,23.1,APTO OLAYA HERRERA - TX GPRS,ANTIOQUIA,MEDELLÍN,NECHÍ,6.221,-75.589,Temp Aire 2 m,°C
0027015330,0068,04/24/2019 12:00:00 PM,25.1,APTO OLAYA HERRERA - TX GPRS,ANTIOQUIA,MEDELLÍN,NECHÍ,6.221,-75.589,Temp Aire 2 m,°C
0027015330,0068,01/09/2019 10:00:00 PM,18.4,APTO OLAYA HERRERA - TX GPRS,ANTIOQUIA,MEDELLÍN,NECHÍ,6.221,-75.589,Temp Aire 2 m,°C
0027015330,0068,02/25/2019 05:00:00 AM,18.6,APTO OLAYA HERRERA - TX GPRS,ANTIOQUIA,MEDELLÍN,NECHÍ,6.221,-75.589,Temp Aire 2 m,°C
0027015330,0068,10/03/2018 07:00:00 AM,19.6,APTO OLAYA HERRERA - TX GPRS,ANTIOQUIA,MEDELLÍN,NECHÍ,6.221,-75.589,Temp Aire 2 m,°C
0027015330,0068,01/02/2019 10:00:00 AM,24.4,APTO OLAYA HERRERA - TX GPRS,ANTIOQUIA,MEDELLÍN,NECHÍ,6.221,-75.589,Temp Aire 2 m,°C
0027015330,0068,07/30/2019 07:00:00 AM,19.4,APTO OLAYA HERRERA - TX GPRS,ANTIOQUIA,MEDELLÍN,NECHÍ,6.221,-75.589,Temp Aire 2 m,°C
0027015330,0068,11/24/2018 06:00:00 PM,21,APTO OLAYA HERRERA - TX GPRS,ANTIOQUIA,MEDELLÍN,NECHÍ,6.221,-75.589,Temp Aire 2 m,°C
0027015330,0068,11/30/2018 03:00:00 AM,18.9,APTO OLAYA HERRERA - TX GPRS,ANTIOQUIA,MEDELLÍN,NECHÍ,6.221,-75.589,Temp Aire 2 m,°C
0027015330,0068,10/14/2018 12:00:00 PM,27.2,APTO OLAYA HERRERA - TX GPRS,ANTIOQUIA,MEDELLÍN,NECHÍ,6.221,-75.589,Temp Aire 2 m,°C
0027015330,0068,05/25/2018 11:00:00 AM,26.1,APTO OLAYA HERRERA - TX GPRS,ANTIOQUIA,MEDELLÍN,NECHÍ,6.221,-75.589,Temp Aire 2 m,°C
0027015330,0068,12/28/2018 02:00:00 PM,29.1,APTO OLAYA HERRERA - TX GPRS,ANTIOQUIA,MEDELLÍN,NECHÍ,6.221,-75.589,Temp Aire 2 m,°C
0027015330,0068,05/21/2018 02:00:00 AM,18.4,APTO OLAYA HERRERA - TX GPRS,ANTIOQUIA,MEDELLÍN,NECHÍ,6.221,-75.589,Temp Aire 2 m,°C
0027015330,0068,10/09/2018 04:00:00 PM,18.7,APTO OLAYA HERRERA - TX GPRS,ANTIOQUIA,MEDELLÍN,NECHÍ,6.221,-75.589,Temp Aire 2 m,°C
0027015330,0068,12/25/2018 02:00:00 PM,29.5,APTO OLAYA HERRERA - TX GPRS,ANTIOQUIA,MEDELLÍN,NECHÍ,6.221,-75.589,Temp Aire 2 m,°C
0027015330,0068,05/29/2018 07:00:00 AM,19.6,APTO OLAYA HERRERA - TX GPRS,ANTIOQUIA,MEDELLÍN,NECHÍ,6.221,-75.589,Temp Aire 2 m,°C
0027015330,0068,02/14/2018 12:00:00 AM,18.7,APTO OLAYA HERRERA - TX GPRS,ANTIOQUIA,MEDELLÍN,NECHÍ,6.221,-75.589,Temp Aire 2 m,°C
0027015330,0068,04/04/2018 03:00:00 AM,18.9,APTO OLAYA HERRERA - TX GPRS,ANTIOQUIA,MEDELLÍN,NECHÍ,6.221,-75.589,Temp Aire 2 m,°C
0027015330,0068,04/16/2018 11:00:00 PM,20.2,APTO OLAYA HERRERA - TX GPRS,ANTIOQUIA,MEDELLÍN,NECHÍ,6.221,-75.589,Temp Aire 2 m,°C
0027015330,0068,12/17/2018 07:00:00 PM,21.5,APTO OLAYA HERRERA - TX GPRS,ANTIOQUIA,MEDELLÍN,NECHÍ,6.221,-75.589,Temp Aire 2 m,°C
0027015330,0068,07/08/2018 07:00:00 AM,19.8,APTO OLAYA HERRERA - TX GPRS,ANTIOQUIA,MEDELLÍN,NECHÍ,6.221,-75.589,Temp Aire 2 m,°C
0027015330,0068,05/19/2018 08:00:00 AM,20.3,APTO OLAYA HERRERA - TX GPRS,ANTIOQUIA,MEDELLÍN,NECHÍ,6.221,-75.589,Temp Aire 2 m,°C
0027015330,0068,01/08/2018 04:00:00 PM,25.1,APTO OLAYA HERRERA - TX GPRS,ANTIOQUIA,MEDELLÍN,NECHÍ,6.221,-75.589,Temp Aire 2 m,°C
0027015330,0068,07/27/2019 09:00:00 PM,22,APTO OLAYA HERRERA - TX GPRS,ANTIOQUIA,MEDELLÍN,NECHÍ,6.221,-75.589,Temp Aire 2 m,°C
0027015330,0068,01/10/2018 09:00:00 PM,19.4,APTO OLAYA HERRERA - TX GPRS,ANTIOQUIA,MEDELLÍN,NECHÍ,6.221,-75.589,Temp Aire 2 m,°C
0027015330,0068,02/13/2018 04:00:00 PM,23.3,APTO OLAYA HERRERA - TX GPRS,ANTIOQUIA,MEDELLÍN,NECHÍ,6.221,-75.589,Temp Aire 2 m,°C
0027015330,0068,09/30/2018 12:00:00 AM,19.5,APTO OLAYA HERRERA - TX GPRS,ANTIOQUIA,MEDELLÍN,NECHÍ,6.221,-75.589,Temp Aire 2 m,°C
0027015330,0068,07/19/2018 06:00:00 AM,17.2,APTO OLAYA HERRERA - TX GPRS,ANTIOQUIA,MEDELLÍN,NECHÍ,6.221,-75.589,Temp Aire 2 m,°C
0027015330,0068,02/12/2019 12:00:00 AM,20.5,APTO OLAYA HERRERA - TX GPRS,ANTIOQUIA,MEDELLÍN,NECHÍ,6.221,-75.589,Temp Aire 2 m,°C
0027015330,0068,08/10/2018 07:00:00 PM,25,APTO OLAYA HERRERA - TX GPRS,ANTIOQUIA,MEDELLÍN,NECHÍ,6.221,-75.589,Temp Aire 2 m,°C
0027015330,0068,06/18/2018 06:00:00 AM,19,APTO OLAYA HERRERA - TX GPRS,ANTIOQUIA,MEDELLÍN,NECHÍ,6.221,-75.589,Temp Aire 2 m,°C
0027015330,0068,02/16/2019 04:00:00 AM,19.9,APTO OLAYA HERRERA - TX GPRS,ANTIOQUIA,MEDELLÍN,NECHÍ,6.221,-75.589,Temp Aire 2 m,°C
0027015330,0068,05/01/2018 06:00:00 PM,22.1,APTO OLAYA HERRERA - TX GPRS,ANTIOQUIA,MEDELLÍN,NECHÍ,6.221,-75.589,Temp Aire 2 m,°C
0027015330,0068,01/15/2019 06:00:00 PM,25.2,APTO OLAYA HERRERA - TX GPRS,ANTIOQUIA,MEDELLÍN,NECHÍ,6.221,-75.589,Temp Aire 2 m,°C
0027015330,0068,07/05/2018 01:00:00 AM,20.6,APTO OLAYA HERRERA - TX GPRS,ANTIOQUIA,MEDELLÍN,NECHÍ,6.221,-75.589,Temp Aire 2 m,°C
0027015330,0068,10/23/2018 11:00:00 PM,19.6,APTO OLAYA HERRERA - TX GPRS,ANTIOQUIA,MEDELLÍN,NECHÍ,6.221,-75.589,Temp Aire 2 m,°C
0027015330,0068,03/17/2018 07:00:00 AM,18.5,APTO OLAYA HERRERA - TX GPRS,ANTIOQUIA,MEDELLÍN,NECHÍ,6.221,-75.589,Temp Aire 2 m,°C
0027015330,0068,05/05/2019 09:00:00 PM,23.6,APTO OLAYA HERRERA - TX GPRS,ANTIOQUIA,MEDELLÍN,NECHÍ,6.221,-75.589,Temp Aire 2 m,°C
0027015330,0068,12/02/2018 06:00:00 AM,17.1,APTO OLAYA HERRERA - TX GPRS,ANTIOQUIA,MEDELLÍN,NECHÍ,6.221,-75.589,Temp Aire 2 m,°C
0027015330,0068,01/26/2018 12:00:00 PM,20.6,APTO OLAYA HERRERA - TX GPRS,ANTIOQUIA,MEDELLÍN,NECHÍ,6.221,-75.589,Temp Aire 2 m,°C
0027015330,0068,12/26/2018 03:00:00 AM,18.1,APTO OLAYA HERRERA - TX GPRS,ANTIOQUIA,MEDELLÍN,NECHÍ,6.221,-75.589,Temp Aire 2 m,°C
0027015330,0068,11/07/2018 07:00:00 PM,21.7,APTO OLAYA HERRERA - TX GPRS,ANTIOQUIA,MEDELLÍN,NECHÍ,6.221,-75.589,Temp Aire 2 m,°C
0027015330,0068,02/11/2018 11:00:00 PM,20.2,APTO OLAYA HERRERA - TX GPRS,ANTIOQUIA,MEDELLÍN,NECHÍ,6.221,-75.589,Temp Aire 2 m,°C
0027015330,0068,05/07/2019 01:00:00 PM,29.6,APTO OLAYA HERRERA - TX GPRS,ANTIOQUIA,MEDELLÍN,NECHÍ,6.221,-75.589,Temp Aire 2 m,°C
0027015330,0068,02/12/2019 07:00:00 PM,24.5,APTO OLAYA HERRERA - TX GPRS,ANTIOQUIA,MEDELLÍN,NECHÍ,6.221,-75.589,Temp Aire 2 m,°C
0027015330,0068,03/07/2019 10:00:00 PM,21.2,APTO OLAYA HERRERA - TX GPRS,ANTIOQUIA,MEDELLÍN,NECHÍ,6.221,-75.589,Temp Aire 2 m,°C
0027015330,0068,05/03/2019 09:00:00 PM,22.9,APTO OLAYA HERRERA - TX GPRS,ANTIOQUIA,MEDELLÍN,NECHÍ,6.221,-75.589,Temp Aire 2 m,°C
0027015330,0068,04/07/2018 09:00:00 PM,19.8,APTO OLAYA HERRERA - TX GPRS,ANTIOQUIA,MEDELLÍN,NECHÍ,6.221,-75.589,Temp Aire 2 m,°C
0027015330,0068,01/11/2019 05:00:00 PM,22.1,APTO OLAYA HERRERA - TX GPRS,ANTIOQUIA,MEDELLÍN,NECHÍ,6.221,-75.589,Temp Aire 2 m,°C
0027015330,0068,12/05/2018 10:00:00 AM,19.5,APTO OLAYA HERRERA - TX GPRS,ANTIOQUIA,MEDELLÍN,NECHÍ,6.221,-75.589,Temp Aire 2 m,°C
0027015330,0068,05/11/2018 07:00:00 PM,20.3,APTO OLAYA HERRERA - TX GPRS,ANTIOQUIA,MEDELLÍN,NECHÍ,6.221,-75.589,Temp Aire 2 m,°C
0027015330,0068,05/20/2018 04:00:00 PM,20.4,APTO OLAYA HERRERA - TX GPRS,ANTIOQUIA,MEDELLÍN,NECHÍ,6.221,-75.589,Temp Aire 2 m,°C
0027015330,0068,02/04/2018 07:00:00 AM,19,APTO OLAYA HERRERA - TX GPRS,ANTIOQUIA,MEDELLÍN,NECHÍ,6.221,-75.589,Temp Aire 2 m,°C
0027015330,0068,04/12/2018 04:00:00 PM,23.6,APTO OLAYA HERRERA - TX GPRS,ANTIOQUIA,MEDELLÍN,NECHÍ,6.221,-75.589,Temp Aire 2 m,°C
0027015330,0068,02/18/2018 05:00:00 PM,24.7,APTO OLAYA HERRERA - TX GPRS,ANTIOQUIA,MEDELLÍN,NECHÍ,6.221,-75.589,Temp Aire 2 m,°C
0027015330,0068,05/19/2019 02:00:00 PM,21.9,APTO OLAYA HERRERA - TX GPRS,ANTIOQUIA,MEDELLÍN,NECHÍ,6.221,-75.589,Temp Aire 2 m,°C
0027015330,0068,06/01/2019 12:00:00 PM,23.7,APTO OLAYA HERRERA - TX GPRS,ANTIOQUIA,MEDELLÍN,NECHÍ,6.221,-75.589,Temp Aire 2 m,°C
0027015330,0068,07/31/2019 11:00:00 PM,21.8,APTO OLAYA HERRERA - TX GPRS,ANTIOQUIA,MEDELLÍN,NECHÍ,6.221,-75.589,Temp Aire 2 m,°C
0027015330,0068,03/02/2018 11:00:00 AM,23.6,APTO OLAYA HERRERA - TX GPRS,ANTIOQUIA,MEDELLÍN,NECHÍ,6.221,-75.589,Temp Aire 2 m,°C
0027015330,0068,03/11/2019 10:00:00 PM,18.4,APTO OLAYA HERRERA - TX GPRS,ANTIOQUIA,MEDELLÍN,NECHÍ,6.221,-75.589,Temp Aire 2 m,°C
0027015330,0068,10/14/2018 04:00:00 PM,20.2,APTO OLAYA HERRERA - TX GPRS,ANTIOQUIA,MEDELLÍN,NECHÍ,6.221,-75.589,Temp Aire 2 m,°C
